Epitope,X1,X2,X3,X4,X5,X6,X7,X8,X9,Immunogenicity,Self/Non-Self
KLEDLERDL,-3.9,3.8,-3.5,-3.5,3.8,-3.5,-4.5,-3.5,3.8,Positive,Non-Self
DLMGYIPLV,-3.5,3.8,1.9,-0.4,-1.3,4.5,-1.6,3.8,4.2,Positive,Non-Self
LITGRLQSL,3.8,4.5,-0.7,-0.4,-4.5,3.8,-3.5,-0.8,3.8,Positive,Non-Self
ATLGFGAYM,1.8,-0.7,3.8,-0.4,2.8,-0.4,1.8,-1.3,1.9,Positive,Non-Self
FIAGLIAIV,2.8,4.5,1.8,-0.4,3.8,4.5,1.8,4.5,4.2,Positive,Non-Self
VLEETSVML,4.2,3.8,-3.5,-3.5,-0.7,-0.8,4.2,1.9,3.8,Positive,Non-Self
NLVPMVATV,-3.5,3.8,4.2,-1.6,1.9,4.2,1.8,-0.7,4.2,Positive,Non-Self
YVLDHLIVV,-1.3,4.2,3.8,-3.5,-3.2,3.8,4.5,4.2,4.2,Positive,Non-Self
GLCTLVAML,-0.4,3.8,2.5,-0.7,3.8,4.2,1.8,1.9,3.8,Positive,Non-Self
CLGGLLTMV,2.5,3.8,-0.4,-0.4,3.8,3.8,-0.7,1.9,4.2,Positive,Non-Self
GILGFVFTL,-0.4,4.5,3.8,-0.4,2.8,4.2,2.8,-0.7,3.8,Positive,Non-Self
TLDYKPLSV,-0.7,3.8,-3.5,-1.3,-3.9,-1.6,3.8,-0.8,4.2,Positive,Non-Self
FLDKGTYTL,2.8,3.8,-3.5,-3.9,-0.4,-0.7,-1.3,-0.7,3.8,Positive,Non-Self
FLLTRILTI,2.8,3.8,3.8,-0.7,-4.5,4.5,3.8,-0.7,4.5,Positive,Non-Self
WLSLLVPFV,-0.9,3.8,-0.8,3.8,3.8,4.2,-1.6,2.8,4.2,Positive,Non-Self
FLLSLGIHL,2.8,3.8,3.8,-0.8,3.8,-0.4,4.5,-3.2,3.8,Positive,Non-Self
DMWEHAFYL,-3.5,1.9,-0.9,-3.5,-3.2,1.8,2.8,-1.3,3.8,Positive,Non-Self
GLLHHAPSL,-0.4,3.8,3.8,-3.2,-3.2,1.8,-1.6,-0.8,3.8,Positive,Non-Self
RLNEVAKNL,-4.5,3.8,-3.5,-3.5,4.2,1.8,-3.9,-3.5,3.8,Positive,Non-Self
FVDYNFTIV,2.8,4.2,-3.5,-1.3,-3.5,2.8,-0.7,4.5,4.2,Positive,Non-Self
CLTEYILWV,2.5,3.8,-0.7,-3.5,-1.3,4.5,3.8,-0.9,4.2,Positive,Non-Self
KVDDTFYYV,-3.9,4.2,-3.5,-3.5,-0.7,2.8,-1.3,-1.3,4.2,Positive,Non-Self
AVAGAAILV,1.8,4.2,1.8,-0.4,1.8,1.8,4.5,3.8,4.2,Positive,Non-Self
VLGRLDQKL,4.2,3.8,-0.4,-4.5,3.8,-3.5,-3.5,-3.9,3.8,Positive,Non-Self
LVVADLSFI,3.8,4.2,4.2,1.8,-3.5,3.8,-0.8,2.8,4.5,Positive,Non-Self
KLEDENPWL,-3.9,3.8,-3.5,-3.5,-3.5,-3.5,-1.6,-0.9,3.8,Positive,Non-Self
TLHGPTPLL,-0.7,3.8,-3.2,-0.4,-1.6,-0.7,-1.6,3.8,3.8,Positive,Non-Self
AIMDKNIIL,1.8,4.5,1.9,-3.5,-3.9,-3.5,4.5,4.5,3.8,Positive,Non-Self
RLPLVLPAV,-4.5,3.8,-1.6,3.8,4.2,3.8,-1.6,1.8,4.2,Positive,Non-Self
MTYAAPLFV,1.9,-0.7,-1.3,1.8,1.8,-1.6,3.8,2.8,4.2,Positive,Non-Self
LMIGTAAAV,3.8,1.9,4.5,-0.4,-0.7,1.8,1.8,1.8,4.2,Positive,Non-Self
ALADAVKVT,1.8,3.8,1.8,-3.5,1.8,4.2,-3.9,4.2,-0.7,Positive,Non-Self
LLGCIITSL,3.8,3.8,-0.4,2.5,4.5,4.5,-0.7,-0.8,3.8,Positive,Non-Self
FMYSDFHFI,2.8,1.9,-1.3,-0.8,-3.5,2.8,-3.2,2.8,4.5,Positive,Non-Self
ALLKHRFEI,1.8,3.8,3.8,-3.9,-3.2,-4.5,2.8,-3.5,4.5,Positive,Non-Self
SLENFRAYV,-0.8,3.8,-3.5,-3.5,2.8,-4.5,1.8,-1.3,4.2,Positive,Non-Self
LMDALKLSI,3.8,1.9,-3.5,1.8,3.8,-3.9,3.8,-0.8,4.5,Positive,Non-Self
SMIEAESSV,-0.8,1.9,4.5,-3.5,1.8,-3.5,-0.8,-0.8,4.2,Positive,Non-Self
FLEESHPGI,2.8,3.8,-3.5,-3.5,-0.8,-3.2,-1.6,-0.4,4.5,Positive,Non-Self
RLIDFLKDV,-4.5,3.8,4.5,-3.5,2.8,3.8,-3.9,-3.5,4.2,Positive,Non-Self
GMFNMLSTV,-0.4,1.9,2.8,-3.5,1.9,3.8,-0.8,-0.7,4.2,Positive,Non-Self
NMLSTVLGV,-3.5,1.9,3.8,-0.8,-0.7,4.2,3.8,-0.4,4.2,Positive,Non-Self
WMMAMKYPI,-0.9,1.9,1.9,1.8,1.9,-3.9,-1.3,-1.6,4.5,Positive,Non-Self
RMQFSSFTV,-4.5,1.9,-3.5,2.8,-0.8,-0.8,2.8,-0.7,4.2,Positive,Non-Self
GLISLILQI,-0.4,3.8,4.5,-0.8,3.8,4.5,3.8,-3.5,4.5,Positive,Non-Self
ALKMTMASV,1.8,3.8,-3.9,1.9,-0.7,1.9,1.8,-0.8,4.2,Positive,Non-Self
LLTEVETPI,3.8,3.8,-0.7,-3.5,4.2,-3.5,-0.7,-1.6,4.5,Positive,Non-Self
GIAPLQLGK,-0.4,4.5,1.8,-1.6,3.8,-3.5,3.8,-0.4,-3.9,Positive,Non-Self
LLLNCLWSV,3.8,3.8,3.8,-3.5,2.5,3.8,-0.9,-0.8,4.2,Positive,Non-Self
LITGRLAAL,3.8,4.5,-0.7,-0.4,-4.5,3.8,1.8,1.8,3.8,Positive,Non-Self
LFAAFPSFA,3.8,2.8,1.8,1.8,2.8,-1.6,-0.8,2.8,1.8,Positive,Non-Self
GILTVSVAV,-0.4,4.5,3.8,-0.7,4.2,-0.8,4.2,1.8,4.2,Positive,Non-Self
GLKGGPSTE,-0.4,3.8,-3.9,-0.4,-0.4,-1.6,-0.8,-0.7,-3.5,Positive,Non-Self
GLFPTQIQV,-0.4,3.8,2.8,-1.6,-0.7,-3.5,4.5,-3.5,4.2,Positive,Non-Self
SLSAYIIRV,-0.8,3.8,-0.8,1.8,-1.3,4.5,4.5,-4.5,4.2,Positive,Non-Self
CINGVCWTV,2.5,4.5,-3.5,-0.4,4.2,2.5,-0.9,-0.7,4.2,Positive,Non-Self
LLCPAGHAV,3.8,3.8,2.5,-1.6,1.8,-0.4,-3.2,1.8,4.2,Positive,Non-Self
SLMAFTAAV,-0.8,3.8,1.9,1.8,2.8,-0.7,1.8,1.8,4.2,Positive,Non-Self
ILAGYGAGV,4.5,3.8,1.8,-0.4,-1.3,-0.4,1.8,-0.4,4.2,Positive,Non-Self
ILDSFDPLV,4.5,3.8,-3.5,-0.8,2.8,-3.5,-1.6,3.8,4.2,Positive,Non-Self
GLQDCTMLV,-0.4,3.8,-3.5,-3.5,2.5,-0.7,1.9,3.8,4.2,Positive,Non-Self
SMVGNWAKV,-0.8,1.9,4.2,-0.4,-3.5,-0.9,1.8,-3.9,4.2,Positive,Non-Self
GLPVEYLQV,-0.4,3.8,-1.6,4.2,-3.5,-1.3,3.8,-3.5,4.2,Positive,Non-Self
KLIANNTRV,-3.9,3.8,4.5,1.8,-3.5,-3.5,-0.7,-4.5,4.2,Positive,Non-Self
KLAGGVAVI,-3.9,3.8,1.8,-0.4,-0.4,4.2,1.8,4.2,4.5,Positive,Non-Self
KLAGGVAVL,-3.9,3.8,1.8,-0.4,-0.4,4.2,1.8,4.2,3.8,Positive,Non-Self
NLWNGIVPT,-3.5,3.8,-0.9,-3.5,-0.4,4.5,4.2,-1.6,-0.7,Positive,Non-Self
VLPFDIKKL,4.2,3.8,-1.6,2.8,-3.5,4.5,-3.9,-3.9,3.8,Positive,Non-Self
SLDQSVVEL,-0.8,3.8,-3.5,-3.5,-0.8,4.2,4.2,-3.5,3.8,Positive,Non-Self
LLPRRGPRL,3.8,3.8,-1.6,-4.5,-4.5,-0.4,-1.6,-4.5,3.8,Positive,Non-Self
SLKKNSRSL,-0.8,3.8,-3.9,-3.9,-3.5,-0.8,-4.5,-0.8,3.8,Positive,Non-Self
ILKEPVHGV,4.5,3.8,-3.9,-3.5,-1.6,4.2,-3.2,-0.4,4.2,Positive,Non-Self
RLNMFTPYI,-4.5,3.8,-3.5,1.9,2.8,-0.7,-1.6,-1.3,4.5,Positive,Non-Self
ILQDMRNTI,4.5,3.8,-3.5,-3.5,1.9,-4.5,-3.5,-0.7,4.5,Positive,Non-Self
KLMLDIHTV,-3.9,3.8,1.9,3.8,-3.5,4.5,-3.2,-0.7,4.2,Positive,Non-Self
KLGEFYNQM,-3.9,3.8,-0.4,-3.5,2.8,-1.3,-3.5,-3.5,1.9,Positive,Non-Self
SLYNTVATL,-0.8,3.8,-1.3,-3.5,-0.7,4.2,1.8,-0.7,3.8,Positive,Non-Self
SLYNTIAVL,-0.8,3.8,-1.3,-3.5,-0.7,4.5,1.8,4.2,3.8,Positive,Non-Self
CVNGVCWTV,2.5,4.2,-3.5,-0.4,4.2,2.5,-0.9,-0.7,4.2,Positive,Non-Self
CVNGSCFTV,2.5,4.2,-3.5,-0.4,-0.8,2.5,2.8,-0.7,4.2,Positive,Non-Self
CQNGACWTS,2.5,-3.5,-3.5,-0.4,1.8,2.5,-0.9,-0.7,-0.8,Positive,Non-Self
HNNGICWGN,-3.2,-3.5,-3.5,-0.4,4.5,2.5,-0.9,-0.4,-3.5,Positive,Non-Self
AMDSNTLEL,1.8,1.9,-3.5,-0.8,-3.5,-0.7,3.8,-3.5,3.8,Positive,Non-Self
ILDDNLYKV,4.5,3.8,-3.5,-3.5,-3.5,3.8,-1.3,-3.9,4.2,Positive,Non-Self
LLGTFTWTL,3.8,3.8,-0.4,-0.7,2.8,-0.7,-0.9,-0.7,3.8,Positive,Non-Self
SLYKGVYEL,-0.8,3.8,-1.3,-3.9,-0.4,4.2,-1.3,-3.5,3.8,Positive,Non-Self
YLISIFLHL,-1.3,3.8,4.5,-0.8,4.5,2.8,3.8,-3.2,3.8,Positive,Non-Self
DMSNLFDWL,-3.5,1.9,-0.8,-3.5,3.8,2.8,-3.5,-0.9,3.8,Positive,Non-Self
DLVTNVYDA,-3.5,3.8,4.2,-0.7,-3.5,4.2,-1.3,-3.5,1.8,Positive,Non-Self
ETNDLVTNV,-3.5,-0.7,-3.5,-3.5,3.8,4.2,-0.7,-3.5,4.2,Positive,Non-Self
NLEKKITNV,-3.5,3.8,-3.5,-3.9,-3.9,4.5,-0.7,-3.5,4.2,Positive,Non-Self
TLFPGDDDL,-0.7,3.8,2.8,-1.6,-0.4,-3.5,-3.5,-3.5,3.8,Positive,Non-Self
TLKQRLTNL,-0.7,3.8,-3.9,-3.5,-4.5,3.8,-0.7,-3.5,3.8,Positive,Non-Self
VLFRLENHA,4.2,3.8,2.8,-4.5,3.8,-3.5,-3.5,-3.2,1.8,Positive,Non-Self
TLRAAMISL,-0.7,3.8,-4.5,1.8,1.8,1.9,4.5,-0.8,3.8,Positive,Non-Self
KMAEIRAHL,-3.9,1.9,1.8,-3.5,4.5,-4.5,1.8,-3.2,3.8,Positive,Non-Self
YMLDLQPET,-1.3,1.9,3.8,-3.5,3.8,-3.5,-1.6,-3.5,-0.7,Positive,Non-Self
HVDIRTLED,-3.2,4.2,-3.5,4.5,-4.5,-0.7,3.8,-3.5,-3.5,Positive,Non-Self
LLMGTLGIV,3.8,3.8,1.9,-0.4,-0.7,3.8,-0.4,4.5,4.2,Positive,Non-Self
GTLGIVCPI,-0.4,-0.7,3.8,-0.4,4.5,4.2,2.5,-1.6,4.5,Positive,Non-Self
SPEKHHCTV,-0.8,-1.6,-3.5,-3.9,-3.2,-3.2,2.5,-0.7,4.2,Positive,Non-Self
LVCGKDGVK,3.8,4.2,2.5,-0.4,-3.9,-3.5,-0.4,4.2,-3.9,Positive,Non-Self
TLVCGKDGV,-0.7,3.8,4.2,2.5,-0.4,-3.9,-3.5,-0.4,4.2,Positive,Non-Self
MMLVPLITV,1.9,1.9,3.8,4.2,-1.6,3.8,4.5,-0.7,4.2,Positive,Non-Self
SMHFYGWSL,-0.8,1.9,-3.2,2.8,-1.3,-0.4,-0.9,-0.8,3.8,Positive,Non-Self
YIYGIPLSL,-1.3,4.5,-1.3,-0.4,4.5,-1.6,3.8,-0.8,3.8,Positive,Non-Self
YVNAILYQI,-1.3,4.2,-3.5,1.8,4.5,3.8,-1.3,-3.5,4.5,Positive,Non-Self
FLNISWFYI,2.8,3.8,-3.5,4.5,-0.8,-0.9,2.8,-1.3,4.5,Positive,Non-Self
FLTSVINRV,2.8,3.8,-0.7,-0.8,4.2,4.5,-3.5,-4.5,4.2,Positive,Non-Self
FLVIAINAM,2.8,3.8,4.2,4.5,1.8,4.5,-3.5,1.8,1.9,Positive,Non-Self
GLNDYLHSV,-0.4,3.8,-3.5,-3.5,-1.3,3.8,-3.2,-0.8,4.2,Positive,Non-Self
ILSDENYLL,4.5,3.8,-0.8,-3.5,-3.5,-3.5,-1.3,3.8,3.8,Positive,Non-Self
KIDYYIPYV,-3.9,4.5,-3.5,-1.3,-1.3,4.5,-1.6,-1.3,4.2,Positive,Non-Self
FILGIIITV,2.8,4.5,3.8,-0.4,4.5,4.5,4.5,-0.7,4.2,Positive,Non-Self
FLIVSLCPT,2.8,3.8,4.5,4.2,-0.8,3.8,2.5,-1.6,-0.7,Positive,Non-Self
LMYDIINSV,3.8,1.9,-1.3,-3.5,4.5,4.5,-3.5,-0.8,4.2,Positive,Non-Self
RLYDYFTRV,-4.5,3.8,-1.3,-3.5,-1.3,2.8,-0.7,-4.5,4.2,Positive,Non-Self
GLFDFVNFV,-0.4,3.8,2.8,-3.5,2.8,4.2,-3.5,2.8,4.2,Positive,Non-Self
HVDGKILFV,-3.2,4.2,-3.5,-0.4,-3.9,4.5,3.8,2.8,4.2,Positive,Non-Self
VLYDEFVTI,4.2,3.8,-1.3,-3.5,-3.5,2.8,4.2,-0.7,4.5,Positive,Non-Self
RVYEALYYV,-4.5,4.2,-1.3,-3.5,1.8,3.8,-1.3,-1.3,4.2,Positive,Non-Self
YLPEVISTI,-1.3,3.8,-1.6,-3.5,4.2,4.5,-0.8,-0.7,4.5,Positive,Non-Self
VLLLVTHYA,4.2,3.8,3.8,3.8,4.2,-0.7,-3.2,-1.3,1.8,Positive,Non-Self
LLLMRTSWA,3.8,3.8,3.8,1.9,-4.5,-0.7,-0.8,-0.9,1.8,Positive,Non-Self
LLLGLMILL,3.8,3.8,3.8,-0.4,3.8,1.9,4.5,3.8,3.8,Positive,Non-Self
FLDLPLPWL,2.8,3.8,-3.5,3.8,-1.6,3.8,-1.6,-0.9,3.8,Positive,Non-Self
VLMLVAHYA,4.2,3.8,1.9,3.8,4.2,1.8,-3.2,-1.3,1.8,Positive,Non-Self
FLLVAHYAI,2.8,3.8,3.8,4.2,1.8,-3.2,-1.3,1.8,4.5,Positive,Non-Self
LVMLLVHYA,3.8,4.2,1.9,3.8,3.8,4.2,-3.2,-1.3,1.8,Positive,Non-Self
ILLMRTTWA,4.5,3.8,3.8,1.9,-4.5,-0.7,-0.7,-0.9,1.8,Positive,Non-Self
LLLMRTTWA,3.8,3.8,3.8,1.9,-4.5,-0.7,-0.7,-0.9,1.8,Positive,Non-Self
MLLALIAVL,1.9,3.8,3.8,1.8,3.8,4.5,1.8,4.2,3.8,Positive,Non-Self
LLLTLLATV,3.8,3.8,3.8,-0.7,3.8,3.8,1.8,-0.7,4.2,Positive,Non-Self
MLVALLGAM,1.9,3.8,4.2,1.8,3.8,3.8,-0.4,1.8,1.9,Positive,Non-Self
FLDLPLPWT,2.8,3.8,-3.5,3.8,-1.6,3.8,-1.6,-0.9,-0.7,Positive,Non-Self
FFDLPLPWT,2.8,2.8,-3.5,3.8,-1.6,3.8,-1.6,-0.9,-0.7,Positive,Non-Self
ALYDVVTKL,1.8,3.8,-1.3,-3.5,4.2,4.2,-0.7,-3.9,3.8,Positive,Non-Self
ALYDVVSKL,1.8,3.8,-1.3,-3.5,4.2,4.2,-0.8,-3.9,3.8,Positive,Non-Self
ALYDVVSTL,1.8,3.8,-1.3,-3.5,4.2,4.2,-0.8,-0.7,3.8,Positive,Non-Self
CINGLCWTV,2.5,4.5,-3.5,-0.4,3.8,2.5,-0.9,-0.7,4.2,Positive,Non-Self
ALYEVVSKL,1.8,3.8,-1.3,-3.5,4.2,4.2,-0.8,-3.9,3.8,Positive,Non-Self
VLSDFKTWL,4.2,3.8,-0.8,-3.5,2.8,-3.9,-0.7,-0.9,3.8,Positive,Non-Self
VLVGGVLAA,4.2,3.8,4.2,-0.4,-0.4,4.2,3.8,1.8,1.8,Positive,Non-Self
HMWNFISGI,-3.2,1.9,-0.9,-3.5,2.8,4.5,-0.8,-0.4,4.5,Positive,Non-Self
YLVAYQATV,-1.3,3.8,4.2,1.8,-1.3,-3.5,1.8,-0.7,4.2,Positive,Non-Self
GLSRYVARL,-0.4,3.8,-0.8,-4.5,-1.3,4.2,1.8,-4.5,3.8,Positive,Non-Self
GLGWVGWLL,-0.4,3.8,-0.4,-0.9,4.2,-0.4,-0.9,3.8,3.8,Positive,Non-Self
FLLALLSCL,2.8,3.8,3.8,1.8,3.8,3.8,-0.8,2.5,3.8,Positive,Non-Self
ALAHGVRAL,1.8,3.8,1.8,-3.2,-0.4,4.2,-4.5,1.8,3.8,Positive,Non-Self
LLNGWRWRL,3.8,3.8,-3.5,-0.4,-0.9,-4.5,-0.9,-4.5,3.8,Positive,Non-Self
NEGCGWAGW,-3.5,-3.5,-0.4,2.5,-0.4,-0.9,1.8,-0.4,-0.9,Positive,Non-Self
LMWYELSKI,3.8,1.9,-0.9,-1.3,-3.5,3.8,-0.8,-3.9,4.5,Positive,Non-Self
FQWDSNTQL,2.8,-3.5,-0.9,-3.5,-0.8,-3.5,-0.7,-3.5,3.8,Positive,Non-Self
VLDDLSMYL,4.2,3.8,-3.5,-3.5,3.8,-0.8,1.9,-1.3,3.8,Positive,Non-Self
YMLAHVTGL,-1.3,1.9,3.8,1.8,-3.2,4.2,-0.7,-0.4,3.8,Positive,Non-Self
VVQELLWFL,4.2,4.2,-3.5,-3.5,3.8,3.8,-0.9,2.8,3.8,Positive,Non-Self
NLMWYELSK,-3.5,3.8,1.9,-0.9,-1.3,-3.5,3.8,-0.8,-3.9,Positive,Non-Self
DNLMWYELS,-3.5,-3.5,3.8,1.9,-0.9,-1.3,-3.5,3.8,-0.8,Positive,Non-Self
RDNLMWYEL,-4.5,-3.5,-3.5,3.8,1.9,-0.9,-1.3,-3.5,3.8,Positive,Non-Self
MWYELSKIN,1.9,-0.9,-1.3,-3.5,3.8,-0.8,-3.9,4.5,-3.5,Positive,Non-Self
WYELSKINP,-0.9,-1.3,-3.5,3.8,-0.8,-3.9,4.5,-3.5,-1.6,Positive,Non-Self
YELSKINPT,-1.3,-3.5,3.8,-0.8,-3.9,4.5,-3.5,-1.6,-0.7,Positive,Non-Self
FVFYQLFVV,2.8,4.2,2.8,-1.3,-3.5,3.8,2.8,4.2,4.2,Positive,Non-Self
LLCLIFLLV,3.8,3.8,2.5,3.8,4.5,2.8,3.8,3.8,4.2,Positive,Non-Self
SLYADSPSV,-0.8,3.8,-1.3,1.8,-3.5,-0.8,-1.6,-0.8,4.2,Positive,Non-Self
YMDDVVLGA,-1.3,1.9,-3.5,-3.5,4.2,4.2,3.8,-0.4,1.8,Positive,Non-Self
YVDDVVLGA,-1.3,4.2,-3.5,-3.5,4.2,4.2,3.8,-0.4,1.8,Positive,Non-Self
YIDDVVLGA,-1.3,4.5,-3.5,-3.5,4.2,4.2,3.8,-0.4,1.8,Positive,Non-Self
FLYRLFSIL,2.8,3.8,-1.3,-4.5,3.8,2.8,-0.8,4.5,3.8,Positive,Non-Self
FLLLADARV,2.8,3.8,3.8,3.8,1.8,-3.5,1.8,-4.5,4.2,Positive,Non-Self
LLFLLLADA,3.8,3.8,2.8,3.8,3.8,3.8,1.8,-3.5,1.8,Positive,Non-Self
WMNRLIAFA,-0.9,1.9,-3.5,-4.5,3.8,4.5,1.8,2.8,1.8,Positive,Non-Self
YLVTRHADV,-1.3,3.8,4.2,-0.7,-4.5,-3.2,1.8,-3.5,4.2,Positive,Non-Self
YLIKLIEPV,-1.3,3.8,4.5,-3.9,3.8,4.5,-3.5,-1.6,4.2,Positive,Non-Self
ALRGMGLNA,1.8,3.8,-4.5,-0.4,1.9,-0.4,3.8,-3.5,1.8,Positive,Non-Self
ETFWAKHMW,-3.5,-0.7,2.8,-0.9,1.8,-3.9,-3.2,1.9,-0.9,Positive,Non-Self
ELIEANLLW,-3.5,3.8,4.5,-3.5,1.8,-3.5,3.8,3.8,-0.9,Positive,Non-Self
LLCPTGHAV,3.8,3.8,2.5,-1.6,-0.7,-0.4,-3.2,1.8,4.2,Positive,Non-Self
STGLIHLHQ,-0.8,-0.7,-0.4,3.8,4.5,-3.2,3.8,-3.2,-3.5,Positive,Non-Self
RLWHYPCTV,-4.5,3.8,-0.9,-3.2,-1.3,-1.6,2.5,-0.7,4.2,Positive,Non-Self
FLVSQLFTF,2.8,3.8,4.2,-0.8,-3.5,3.8,2.8,-0.7,2.8,Positive,Non-Self
RLWHYPCTL,-4.5,3.8,-0.9,-3.2,-1.3,-1.6,2.5,-0.7,3.8,Positive,Non-Self
RLWHYPCTI,-4.5,3.8,-0.9,-3.2,-1.3,-1.6,2.5,-0.7,4.5,Positive,Non-Self
RLWHYPCTA,-4.5,3.8,-0.9,-3.2,-1.3,-1.6,2.5,-0.7,1.8,Positive,Non-Self
RLWHYPCTF,-4.5,3.8,-0.9,-3.2,-1.3,-1.6,2.5,-0.7,2.8,Positive,Non-Self
DLMGYLPLV,-3.5,3.8,1.9,-0.4,-1.3,3.8,-1.6,3.8,4.2,Positive,Non-Self
LVVSQLLRI,3.8,4.2,4.2,-0.8,-3.5,3.8,3.8,-4.5,4.5,Positive,Non-Self
VLTDFKTWL,4.2,3.8,-0.7,-3.5,2.8,-3.9,-0.7,-0.9,3.8,Positive,Non-Self
VLSDFKSWL,4.2,3.8,-0.8,-3.5,2.8,-3.9,-0.8,-0.9,3.8,Positive,Non-Self
VLSDFRTWL,4.2,3.8,-0.8,-3.5,2.8,-4.5,-0.7,-0.9,3.8,Positive,Non-Self
ALSTGLIHL,1.8,3.8,-0.8,-0.7,-0.4,3.8,4.5,-3.2,3.8,Positive,Non-Self
LLCPSGHVV,3.8,3.8,2.5,-1.6,-0.8,-0.4,-3.2,4.2,4.2,Positive,Non-Self
GFTGDFDSV,-0.4,2.8,-0.7,-0.4,-3.5,2.8,-3.5,-0.8,4.2,Positive,Non-Self
SLMAFTASI,-0.8,3.8,1.9,1.8,2.8,-0.7,1.8,-0.8,4.5,Positive,Non-Self
KLQDCTMLV,-3.9,3.8,-3.5,-3.5,2.5,-0.7,1.9,3.8,4.2,Positive,Non-Self
LLHTDFEQV,3.8,3.8,-3.2,-0.7,-3.5,2.8,-3.5,-3.5,4.2,Positive,Non-Self
GLCPHCINV,-0.4,3.8,2.5,-1.6,-3.2,2.5,4.5,-3.5,4.2,Positive,Non-Self
LLYAHINAL,3.8,3.8,-1.3,1.8,-3.2,4.5,-3.5,1.8,3.8,Positive,Non-Self
KVSPYLFNV,-3.9,4.2,-0.8,-1.6,-1.3,3.8,2.8,-3.5,4.2,Positive,Non-Self
KLWCRHFCV,-3.9,3.8,-0.9,2.5,-4.5,-3.2,2.8,2.5,4.2,Positive,Non-Self
KLMPNITLL,-3.9,3.8,1.9,-1.6,-3.5,4.5,-0.7,3.8,3.8,Positive,Non-Self
TLLNNCTRV,-0.7,3.8,3.8,-3.5,-3.5,2.5,-0.7,-4.5,4.2,Positive,Non-Self
KLLRYYTEI,-3.9,3.8,3.8,-4.5,-1.3,-1.3,-0.7,-3.5,4.5,Positive,Non-Self
AMLNGLIYV,1.8,1.9,3.8,-3.5,-0.4,3.8,4.5,-1.3,4.2,Positive,Non-Self
FVFSTSFYL,2.8,4.2,2.8,-0.8,-0.7,-0.8,2.8,-1.3,3.8,Positive,Non-Self
LMDCIMFDA,3.8,1.9,-3.5,2.5,4.5,1.9,2.8,-3.5,1.8,Positive,Non-Self
IMTSYQYLI,4.5,1.9,-0.7,-0.8,-1.3,-3.5,-1.3,3.8,4.5,Positive,Non-Self
RLLGTFTWT,-4.5,3.8,3.8,-0.4,-0.7,2.8,-0.7,-0.9,-0.7,Positive,Non-Self
NISGYNFSL,-3.5,4.5,-0.8,-0.4,-1.3,-3.5,2.8,-0.8,3.8,Positive,Non-Self
LTYSQLMTL,3.8,-0.7,-1.3,-0.8,-3.5,3.8,1.9,-0.7,3.8,Positive,Non-Self
ALINDQLIM,1.8,3.8,4.5,-3.5,-3.5,-3.5,3.8,4.5,1.9,Positive,Non-Self
RLFDFNKQA,-4.5,3.8,2.8,-3.5,2.8,-3.5,-3.9,-3.5,1.8,Positive,Non-Self
GLVGLVTFL,-0.4,3.8,4.2,-0.4,3.8,4.2,-0.7,2.8,3.8,Positive,Non-Self
GLIGLVTFL,-0.4,3.8,4.5,-0.4,3.8,4.2,-0.7,2.8,3.8,Positive,Non-Self
RLPSGRNLV,-4.5,3.8,-1.6,-0.8,-0.4,-4.5,-3.5,3.8,4.2,Positive,Non-Self
LLLDRLNQL,3.8,3.8,3.8,-3.5,-4.5,3.8,-3.5,-3.5,3.8,Positive,Non-Self
RLNQLESKV,-4.5,3.8,-3.5,-3.5,3.8,-3.5,-0.8,-3.9,4.2,Positive,Non-Self
GMSRIGMEV,-0.4,1.9,-0.8,-4.5,4.5,-0.4,1.9,-3.5,4.2,Positive,Non-Self
ILPDPLKPT,4.5,3.8,-1.6,-3.5,-1.6,3.8,-3.9,-1.6,-0.7,Positive,Non-Self
VVFLHVTYV,4.2,4.2,2.8,3.8,-3.2,4.2,-0.7,-1.3,4.2,Positive,Non-Self
YLNKIQNSL,-1.3,3.8,-3.5,-3.9,4.5,-3.5,-3.5,-0.8,3.8,Positive,Non-Self
GLIMVLSFL,-0.4,3.8,4.5,1.9,4.2,3.8,-0.8,2.8,3.8,Positive,Non-Self
DLLEEGNTL,-3.5,3.8,3.8,-3.5,-3.5,-0.4,-3.5,-0.7,3.8,Positive,Non-Self
KLEELHENV,-3.9,3.8,-3.5,-3.5,3.8,-3.2,-3.5,-3.5,4.2,Positive,Non-Self
VLDKVEETV,4.2,3.8,-3.5,-3.9,4.2,-3.5,-3.5,-0.7,4.2,Positive,Non-Self
GLLNKLENI,-0.4,3.8,3.8,-3.5,-3.9,3.8,-3.5,-3.5,4.5,Positive,Non-Self
HLGNVKYLV,-3.2,3.8,-0.4,-3.5,4.2,-3.9,-1.3,3.8,4.2,Positive,Non-Self
GIAGGLALL,-0.4,4.5,1.8,-0.4,-0.4,3.8,1.8,3.8,3.8,Positive,Non-Self
MINAYLDKL,1.9,4.5,-3.5,1.8,-1.3,3.8,-3.5,-3.9,3.8,Positive,Non-Self
KILSVFFLA,-3.9,4.5,3.8,-0.8,4.2,2.8,2.8,3.8,1.8,Positive,Non-Self
RLEIPAIEL,-4.5,3.8,-3.5,4.5,-1.6,1.8,4.5,-3.5,3.8,Positive,Non-Self
ILYISFYFI,4.5,3.8,-1.3,4.5,-0.8,2.8,-1.3,2.8,4.5,Positive,Non-Self
YLKKIKNSL,-1.3,3.8,-3.9,-3.9,4.5,-3.9,-3.5,-0.8,3.8,Positive,Non-Self
YLKKIQNSL,-1.3,3.8,-3.9,-3.9,4.5,-3.5,-3.5,-0.8,3.8,Positive,Non-Self
YLDKVRATV,-1.3,3.8,-3.5,-3.9,4.2,-4.5,1.8,-0.7,4.2,Positive,Non-Self
TLNDLETDV,-0.7,3.8,-3.5,-3.5,3.8,-3.5,-0.7,-3.5,4.2,Positive,Non-Self
LLDPRVRGL,3.8,3.8,-3.5,-1.6,-4.5,4.2,-4.5,-0.4,3.8,Positive,Non-Self
VLLDYQGML,4.2,3.8,3.8,-3.5,-1.3,-3.5,-0.4,1.9,3.8,Positive,Non-Self
ILSPFLPLL,4.5,3.8,-0.8,-1.6,2.8,3.8,-1.6,3.8,3.8,Positive,Non-Self
CLTFGRETV,2.5,3.8,-0.7,2.8,-0.4,-4.5,-3.5,-0.7,4.2,Positive,Non-Self
CLFKDWEEL,2.5,3.8,2.8,-3.9,-3.5,-0.9,-3.5,-3.5,3.8,Positive,Non-Self
HLSLRGLFV,-3.2,3.8,-0.8,3.8,-4.5,-0.4,3.8,2.8,4.2,Positive,Non-Self
VLHKRTLGL,4.2,3.8,-3.2,-3.9,-4.5,-0.7,3.8,-0.4,3.8,Positive,Non-Self
ALMPLYACI,1.8,3.8,1.9,-1.6,3.8,-1.3,1.8,2.5,4.5,Positive,Non-Self
GLPRYVARL,-0.4,3.8,-1.6,-4.5,-1.3,4.2,1.8,-4.5,3.8,Positive,Non-Self
LLWKGEGAV,3.8,3.8,-0.9,-3.9,-0.4,-3.5,-0.4,1.8,4.2,Positive,Non-Self
VLQAGFFLL,4.2,3.8,-3.5,1.8,-0.4,2.8,2.8,3.8,3.8,Positive,Non-Self
FLGGTPVCL,2.8,3.8,-0.4,-0.4,-0.7,-1.6,4.2,2.5,3.8,Positive,Non-Self
LLDYQGMLP,3.8,3.8,-3.5,-1.3,-3.5,-0.4,1.9,3.8,-1.6,Positive,Non-Self
GLSPTVWLS,-0.4,3.8,-0.8,-1.6,-0.7,4.2,-0.9,3.8,-0.8,Positive,Non-Self
LLLCLIFLL,3.8,3.8,3.8,2.5,3.8,4.5,2.8,3.8,3.8,Positive,Non-Self
IVSPFIPLL,4.5,4.2,-0.8,-1.6,2.8,4.5,-1.6,3.8,3.8,Positive,Non-Self
YLLDRGADI,-1.3,3.8,3.8,-3.5,-4.5,-0.4,1.8,-3.5,4.5,Positive,Non-Self
HMYFTFFDV,-3.2,1.9,-1.3,2.8,-0.7,2.8,2.8,-3.5,4.2,Positive,Non-Self
VLYSYILFL,4.2,3.8,-1.3,-0.8,-1.3,4.5,3.8,2.8,3.8,Positive,Non-Self
FLSLMSLSI,2.8,3.8,-0.8,3.8,1.9,-0.8,3.8,-0.8,4.5,Positive,Non-Self
SLMSLSIEI,-0.8,3.8,1.9,-0.8,3.8,-0.8,4.5,-3.5,4.5,Positive,Non-Self
SLWGIRWYI,-0.8,3.8,-0.9,-0.4,4.5,-4.5,-0.9,-1.3,4.5,Positive,Non-Self
FVYPSNFDV,2.8,4.2,-1.3,-1.6,-0.8,-3.5,2.8,-3.5,4.2,Positive,Non-Self
FLYSFFLCI,2.8,3.8,-1.3,-0.8,2.8,2.8,3.8,2.5,4.5,Positive,Non-Self
NLSDGFLLI,-3.5,3.8,-0.8,-3.5,-0.4,2.8,3.8,3.8,4.5,Positive,Non-Self
FLLIRYITT,2.8,3.8,3.8,4.5,-4.5,-1.3,4.5,-0.7,-0.7,Positive,Non-Self
HIFYQLANV,-3.2,4.5,2.8,-1.3,-3.5,3.8,1.8,-3.5,4.2,Positive,Non-Self
ALPHIIDEV,1.8,3.8,-1.6,-3.2,4.5,4.5,-3.5,-3.5,4.2,Positive,Non-Self
MMCPFLFLM,1.9,1.9,2.5,-1.6,2.8,3.8,2.8,3.8,1.9,Positive,Non-Self
NLNQVIQSV,-3.5,3.8,-3.5,-3.5,4.2,4.5,-3.5,-0.8,4.2,Positive,Non-Self
SLAADLEKL,-0.8,3.8,1.8,1.8,-3.5,3.8,-3.5,-3.9,3.8,Positive,Non-Self
SLNQTVHSL,-0.8,3.8,-3.5,-3.5,-0.7,4.2,-3.2,-0.8,3.8,Positive,Non-Self
YIACRTSIV,-1.3,4.5,1.8,2.5,-4.5,-0.7,-0.8,4.5,4.2,Positive,Non-Self
YLVSIFLHL,-1.3,3.8,4.2,-0.8,4.5,2.8,3.8,-3.2,3.8,Positive,Non-Self
YNFSLGAAV,-1.3,-3.5,2.8,-0.8,3.8,-0.4,1.8,1.8,4.2,Positive,Non-Self
RLCCQLDPA,-4.5,3.8,2.5,2.5,-3.5,3.8,-3.5,-1.6,1.8,Positive,Non-Self
VLCLRPVGA,4.2,3.8,2.5,3.8,-4.5,-1.6,4.2,-0.4,1.8,Positive,Non-Self
NAHQILPKV,-3.5,1.8,-3.2,-3.5,4.5,3.8,-1.6,-3.9,4.2,Positive,Non-Self
AMSTTDLEA,1.8,1.9,-0.8,-0.7,-0.7,-3.5,3.8,-3.5,1.8,Positive,Non-Self
KLHLYSHPI,-3.9,3.8,-3.2,3.8,-1.3,-0.8,-3.2,-1.6,4.5,Positive,Non-Self
HLYSHPIIL,-3.2,3.8,-1.3,-0.8,-3.2,-1.6,4.5,4.5,3.8,Positive,Non-Self
GVRVLEDGV,-0.4,4.2,-4.5,4.2,3.8,-3.5,-3.5,-0.4,4.2,Positive,Non-Self
NLPGCSFSI,-3.5,3.8,-1.6,-0.4,2.5,-0.8,2.8,-0.8,4.5,Positive,Non-Self
AILHTPGCV,1.8,4.5,3.8,-3.2,-0.7,-1.6,-0.4,2.5,4.2,Positive,Non-Self
LVMAQLLRI,3.8,4.2,1.9,1.8,-3.5,3.8,3.8,-4.5,4.5,Positive,Non-Self
FLSFASLFL,2.8,3.8,-0.8,2.8,1.8,-0.8,3.8,2.8,3.8,Positive,Non-Self
RLMRTNFLI,-4.5,3.8,1.9,-4.5,-0.7,-3.5,2.8,3.8,4.5,Positive,Non-Self
KLTEAITAA,-3.9,3.8,-0.7,-3.5,1.8,4.5,-0.7,1.8,1.8,Positive,Non-Self
FLKDVMESM,2.8,3.8,-3.9,-3.5,4.2,1.9,-3.5,-0.8,1.9,Positive,Non-Self
LLDAHIPQL,3.8,3.8,-3.5,1.8,-3.2,4.5,-1.6,-3.5,3.8,Positive,Non-Self
KLGGYVSFV,-3.9,3.8,-0.4,-0.4,-1.3,4.2,-0.8,2.8,4.2,Positive,Non-Self
KLLGQINLV,-3.9,3.8,3.8,-0.4,-3.5,4.5,-3.5,3.8,4.2,Positive,Non-Self
LMWDNVGLV,3.8,1.9,-0.9,-3.5,-3.5,4.2,-0.4,3.8,4.2,Positive,Non-Self
FMPKVNFEV,2.8,1.9,-1.6,-3.9,4.2,-3.5,2.8,-3.5,4.2,Positive,Non-Self
IMSSFEFQV,4.5,1.9,-0.8,-0.8,2.8,-3.5,2.8,-3.5,4.2,Positive,Non-Self
WLGNHGFEV,-0.9,3.8,-0.4,-3.5,-3.2,-0.4,2.8,-3.5,4.2,Positive,Non-Self
KLLPEGYWV,-3.9,3.8,3.8,-1.6,-3.5,-0.4,-1.3,-0.9,4.2,Positive,Non-Self
RLIGHISTL,-4.5,3.8,4.5,-0.4,-3.2,4.5,-0.8,-0.7,3.8,Positive,Non-Self
MLAAQMFIV,1.9,3.8,1.8,1.8,-3.5,1.9,2.8,4.5,4.2,Positive,Non-Self
YIVRWEWVV,-1.3,4.5,4.2,-4.5,-0.9,-3.5,-0.9,4.2,4.2,Positive,Non-Self
WLGNIIQYA,-0.9,3.8,-0.4,-3.5,4.5,4.5,-3.5,-1.3,1.8,Positive,Non-Self
TLEEFSAKL,-0.7,3.8,-3.5,-3.5,2.8,-0.8,1.8,-3.9,3.8,Positive,Non-Self
GVPVDPSRV,-0.4,4.2,-1.6,4.2,-3.5,-1.6,-0.8,-4.5,4.2,Positive,Non-Self
VCTEGKSKL,4.2,2.5,-0.7,-3.5,-0.4,-3.9,-0.8,-3.9,3.8,Positive,Non-Self
GLSGGTPSK,-0.4,3.8,-0.8,-0.4,-0.4,-0.7,-1.6,-0.8,-3.9,Positive,Non-Self
VLLPSLFLL,4.2,3.8,3.8,-1.6,-0.8,3.8,2.8,3.8,3.8,Positive,Non-Self
FLSHDFTLV,2.8,3.8,-0.8,-3.2,-3.5,2.8,-0.7,3.8,4.2,Positive,Non-Self
FLSHNFTLV,2.8,3.8,-0.8,-3.2,-3.5,2.8,-0.7,3.8,4.2,Positive,Non-Self
FANCNFTLV,2.8,1.8,-3.5,2.5,-3.5,2.8,-0.7,3.8,4.2,Positive,Non-Self
FVNHRFTLV,2.8,4.2,-3.5,-3.2,-4.5,2.8,-0.7,3.8,4.2,Positive,Non-Self
FANHKFTLV,2.8,1.8,-3.5,-3.2,-3.9,2.8,-0.7,3.8,4.2,Positive,Non-Self
FANNKFTLV,2.8,1.8,-3.5,-3.5,-3.9,2.8,-0.7,3.8,4.2,Positive,Non-Self
FANYKFTLV,2.8,1.8,-3.5,-1.3,-3.9,2.8,-0.7,3.8,4.2,Positive,Non-Self
FVNYNFTLV,2.8,4.2,-3.5,-1.3,-3.5,2.8,-0.7,3.8,4.2,Positive,Non-Self
FANHNFTLV,2.8,1.8,-3.5,-3.2,-3.5,2.8,-0.7,3.8,4.2,Positive,Non-Self
FVDYNFSLV,2.8,4.2,-3.5,-1.3,-3.5,2.8,-0.8,3.8,4.2,Positive,Non-Self
FANYNFTLV,2.8,1.8,-3.5,-1.3,-3.5,2.8,-0.7,3.8,4.2,Positive,Non-Self
FANNEFTLV,2.8,1.8,-3.5,-3.5,-3.5,2.8,-0.7,3.8,4.2,Positive,Non-Self
FVNYDFTIV,2.8,4.2,-3.5,-1.3,-3.5,2.8,-0.7,4.5,4.2,Positive,Non-Self
ELLRPTTLV,-3.5,3.8,3.8,-4.5,-1.6,-0.7,-0.7,3.8,4.2,Positive,Non-Self
DVSRPTAVV,-3.5,4.2,-0.8,-4.5,-1.6,-0.7,1.8,4.2,4.2,Positive,Non-Self
FTSAVLLLV,2.8,-0.7,-0.8,1.8,4.2,3.8,3.8,3.8,4.2,Positive,Non-Self
WLSDCGEAL,-0.9,3.8,-0.8,-3.5,2.5,-0.4,-3.5,1.8,3.8,Positive,Non-Self
VMACLVPAA,4.2,1.9,1.8,2.5,3.8,4.2,-1.6,1.8,1.8,Positive,Non-Self
LLTTSGVSA,3.8,3.8,-0.7,-0.7,-0.8,-0.4,4.2,-0.8,1.8,Positive,Non-Self
VMMSCSSEA,4.2,1.9,1.9,-0.8,2.5,-0.8,-0.8,-3.5,1.8,Positive,Non-Self
RLLSPTTIV,-4.5,3.8,3.8,-0.8,-1.6,-0.7,-0.7,4.5,4.2,Positive,Non-Self
KLYCSYEVA,-3.9,3.8,-1.3,2.5,-0.8,-1.3,-3.5,4.2,1.8,Positive,Non-Self
SVFRENLFL,-0.8,4.2,2.8,-4.5,-3.5,-3.5,3.8,2.8,3.8,Positive,Non-Self
ALSLAAVLV,1.8,3.8,-0.8,3.8,1.8,1.8,4.2,3.8,4.2,Positive,Non-Self
TLLYATVEV,-0.7,3.8,3.8,-1.3,1.8,-0.7,4.2,-3.5,4.2,Positive,Non-Self
SMNATLVQA,-0.8,1.9,-3.5,1.8,-0.7,3.8,4.2,-3.5,1.8,Positive,Non-Self
FTLVAPVSI,2.8,-0.7,3.8,4.2,1.8,-1.6,4.2,-0.8,4.5,Positive,Non-Self
KVVSLVILA,-3.9,4.2,4.2,-0.8,3.8,4.2,4.5,3.8,1.8,Positive,Non-Self
WIIKNSWTA,-0.9,4.5,4.5,-3.9,-3.5,-0.8,-0.9,-0.7,1.8,Positive,Non-Self
LMNNAFEWI,3.8,1.9,-3.5,-3.5,1.8,2.8,-3.5,-0.9,4.5,Positive,Non-Self
VTLPTGQCL,4.2,-0.7,3.8,-1.6,-0.7,-0.4,-3.5,2.5,3.8,Positive,Non-Self
KLFPEVIDL,-3.9,3.8,2.8,-1.6,-3.5,4.2,4.5,-3.5,3.8,Positive,Non-Self
YLQQNWWTL,-1.3,3.8,-3.5,-3.5,-3.5,-0.9,-0.9,-0.7,3.8,Positive,Non-Self
YLLEMLWRL,-1.3,3.8,3.8,-3.5,1.9,3.8,-0.9,-4.5,3.8,Positive,Non-Self
SVRDRLARL,-0.8,4.2,-4.5,-3.5,-4.5,3.8,1.8,-4.5,3.8,Positive,Non-Self
LLWAARPRL,3.8,3.8,-0.9,1.8,1.8,-4.5,-1.6,-4.5,3.8,Positive,Non-Self
LLWTLVVLL,3.8,3.8,-0.9,-0.7,3.8,4.2,4.2,3.8,3.8,Positive,Non-Self
LTAGFLIFL,3.8,-0.7,1.8,-0.4,2.8,3.8,4.5,2.8,3.8,Positive,Non-Self
LLDEGKQSL,3.8,3.8,-3.5,-3.5,-0.4,-3.9,-3.5,-0.8,3.8,Positive,Non-Self
ILPSKSLEV,4.5,3.8,-1.6,-0.8,-3.9,-0.8,3.8,-3.5,4.2,Positive,Non-Self
ILLGSLSDL,4.5,3.8,3.8,-0.4,-0.8,3.8,-0.8,-3.5,3.8,Positive,Non-Self
GLDCARLEI,-0.4,3.8,-3.5,2.5,1.8,-4.5,3.8,-3.5,4.5,Positive,Non-Self
IMELATAGI,4.5,1.9,-3.5,3.8,1.8,-0.7,1.8,-0.4,4.5,Positive,Non-Self
NMFTPYIGV,-3.5,1.9,2.8,-0.7,-1.6,-1.3,4.5,-0.4,4.2,Positive,Non-Self
YLLDGLRAQ,-1.3,3.8,3.8,-3.5,-0.4,3.8,-4.5,1.8,-3.5,Positive,Non-Self
SMAGSSAMI,-0.8,1.9,1.8,-0.4,-0.8,-0.8,1.8,1.9,4.5,Positive,Non-Self
FIYAGSLSA,2.8,4.5,-1.3,1.8,-0.4,-0.8,3.8,-0.8,1.8,Positive,Non-Self
GMGPSLIGL,-0.4,1.9,-0.4,-1.6,-0.8,3.8,4.5,-0.4,3.8,Positive,Non-Self
YVLEETSVM,-1.3,4.2,3.8,-3.5,-3.5,-0.7,-0.8,4.2,1.9,Positive,Non-Self
FLVDAIVRV,2.8,3.8,4.2,-3.5,1.8,4.5,4.2,-4.5,4.2,Positive,Non-Self
VLAELVKQI,4.2,3.8,1.8,-3.5,3.8,4.2,-3.9,-3.5,4.5,Positive,Non-Self
ILDEERDKV,4.5,3.8,-3.5,-3.5,-3.5,-4.5,-3.5,-3.9,4.2,Positive,Non-Self
TMYGGISLL,-0.7,1.9,-1.3,-0.4,-0.4,4.5,-0.8,3.8,3.8,Positive,Non-Self
LLWSYAMGV,3.8,3.8,-0.9,-0.8,-1.3,1.8,1.9,-0.4,4.2,Positive,Non-Self
LLDEEAGPL,3.8,3.8,-3.5,-3.5,-3.5,1.8,-0.4,-1.6,3.8,Positive,Non-Self
FLYALALLL,2.8,3.8,-1.3,1.8,3.8,1.8,3.8,3.8,3.8,Positive,Non-Self
GLGTLGAAL,-0.4,3.8,-0.4,-0.7,3.8,-0.4,1.8,1.8,3.8,Positive,Non-Self
YILEETSVM,-1.3,4.5,3.8,-3.5,-3.5,-0.7,-0.8,4.2,1.9,Positive,Non-Self
LLVDLLWLL,3.8,3.8,4.2,-3.5,3.8,3.8,-0.9,3.8,3.8,Positive,Non-Self
TLLVDLLWL,-0.7,3.8,3.8,4.2,-3.5,3.8,3.8,-0.9,3.8,Positive,Non-Self
LMIIPLINV,3.8,1.9,4.5,4.5,-1.6,3.8,4.5,-3.5,4.2,Positive,Non-Self
SLVIVTTFV,-0.8,3.8,4.2,4.5,4.2,-0.7,-0.7,2.8,4.2,Positive,Non-Self
VLQWASLAV,4.2,3.8,-3.5,-0.9,1.8,-0.8,3.8,1.8,4.2,Positive,Non-Self
LLLIALWNL,3.8,3.8,3.8,4.5,1.8,3.8,-0.9,-3.5,3.8,Positive,Non-Self
TLFIGSHVV,-0.7,3.8,2.8,4.5,-0.4,-0.8,-3.2,4.2,4.2,Positive,Non-Self
MLNIPSINV,1.9,3.8,-3.5,4.5,-1.6,-0.8,4.5,-3.5,4.2,Positive,Non-Self
VLGPISGHV,4.2,3.8,-0.4,-1.6,4.5,-0.8,-0.4,-3.2,4.2,Positive,Non-Self
GLADTVVAC,-0.4,3.8,1.8,-3.5,-0.7,4.2,4.2,1.8,2.5,Positive,Non-Self
ERYLKDQQL,-3.5,-4.5,-1.3,3.8,-3.9,-3.5,-3.5,-3.5,3.8,Positive,Non-Self
DRFYKTLRA,-3.5,-4.5,2.8,-1.3,-3.9,-0.7,3.8,-4.5,1.8,Positive,Non-Self
IMVLSFLFL,4.5,1.9,4.2,3.8,-0.8,2.8,3.8,2.8,3.8,Positive,Non-Self
KLQEQQSDL,-3.9,3.8,-3.5,-3.5,-3.5,-3.5,-0.8,-3.5,3.8,Positive,Non-Self
VLDDKDYFL,4.2,3.8,-3.5,-3.5,-3.9,-3.5,-1.3,2.8,3.8,Negative,Self
FVDDYTVRV,2.8,4.2,-3.5,-3.5,-1.3,-0.7,4.2,-4.5,4.2,Negative,Self
RLDDSLLYL,-4.5,3.8,-3.5,-3.5,-0.8,3.8,3.8,-1.3,3.8,Negative,Self
ILSGVVTKM,4.5,3.8,-0.8,-0.4,4.2,4.2,-0.7,-3.9,1.9,Negative,Self
ALDQEIIEV,1.8,3.8,-3.5,-3.5,-3.5,4.5,4.5,-3.5,4.2,Negative,Self
FAITAIKGV,2.8,1.8,4.5,-0.7,1.8,4.5,-3.9,-0.4,4.2,Negative,Self
FVADGIFKA,2.8,4.2,1.8,-3.5,-0.4,4.5,2.8,-3.9,1.8,Negative,Self
NMVAKVDEV,-3.5,1.9,4.2,1.8,-3.9,4.2,-3.5,-3.5,4.2,Negative,Self
ILIDPFHKA,4.5,3.8,4.5,-3.5,-1.6,2.8,-3.2,-3.9,1.8,Negative,Self
IQIMKVEEI,4.5,-3.5,4.5,1.9,-3.9,4.2,-3.5,-3.5,4.5,Negative,Self
ILMEHIHKL,4.5,3.8,1.9,-3.5,-3.2,4.5,-3.2,-3.9,3.8,Negative,Self
ILDDIGHGV,4.5,3.8,-3.5,-3.5,4.5,-0.4,-3.2,-0.4,4.2,Negative,Self
FAGDDAPRA,2.8,1.8,-0.4,-3.5,-3.5,1.8,-1.6,-4.5,1.8,Negative,Self
FLEKLLPPV,2.8,3.8,-3.5,-3.9,3.8,3.8,-1.6,-1.6,4.2,Negative,Self
TLYEHNNEL,-0.7,3.8,-1.3,-3.5,-3.2,-3.5,-3.5,-3.5,3.8,Negative,Self
VLDDKLVFV,4.2,3.8,-3.5,-3.5,-3.9,3.8,4.2,2.8,4.2,Negative,Self
ALADGVQKV,1.8,3.8,1.8,-3.5,-0.4,4.2,-3.5,-3.9,4.2,Negative,Self
FVADFADKL,2.8,4.2,1.8,-3.5,2.8,1.8,-3.5,-3.9,3.8,Negative,Self
LLDEPTNHL,3.8,3.8,-3.5,-3.5,-1.6,-0.7,-3.5,-3.2,3.8,Negative,Self
FLDEPTNHL,2.8,3.8,-3.5,-3.5,-1.6,-0.7,-3.5,-3.2,3.8,Negative,Self
FQEAIISKL,2.8,-3.5,-3.5,1.8,4.5,4.5,-0.8,-3.9,3.8,Negative,Self
AVGPVHNSV,1.8,4.2,-0.4,-1.6,4.2,-3.2,-3.5,-0.8,4.2,Negative,Self
LLSAEPVPA,3.8,3.8,-0.8,1.8,-3.5,-1.6,4.2,-1.6,1.8,Negative,Self
NLYPFVKTV,-3.5,3.8,-1.3,-1.6,2.8,4.2,-3.9,-0.7,4.2,Negative,Self
ALDDMISTL,1.8,3.8,-3.5,-3.5,1.9,4.5,-0.8,-0.7,3.8,Negative,Self
FLDGNEMTL,2.8,3.8,-3.5,-0.4,-3.5,-3.5,1.9,-0.7,3.8,Negative,Self
FLPSYIIDV,2.8,3.8,-1.6,-0.8,-1.3,4.5,4.5,-3.5,4.2,Negative,Self
HLDRTMYLL,-3.2,3.8,-3.5,-4.5,-0.7,1.9,-1.3,3.8,3.8,Negative,Self
AVSDGVIKV,1.8,4.2,-0.8,-3.5,-0.4,4.2,4.5,-3.9,4.2,Negative,Self
HQAVIAEQL,-3.2,-3.5,1.8,4.2,4.5,1.8,-3.5,-3.5,3.8,Negative,Self
ALAVMVDHL,1.8,3.8,1.8,4.2,1.9,4.2,-3.5,-3.2,3.8,Negative,Self
ITSELVSKI,4.5,-0.7,-0.8,-3.5,3.8,4.2,-0.8,-3.9,4.5,Negative,Self
IIDGVKVQV,4.5,4.5,-3.5,-0.4,4.2,-3.9,4.2,-3.5,4.2,Negative,Self
FAKPFLASL,2.8,1.8,-3.9,-1.6,2.8,3.8,1.8,-0.8,3.8,Negative,Self
FLDENVHFF,2.8,3.8,-3.5,-3.5,-3.5,4.2,-3.2,2.8,2.8,Negative,Self
FVPEIFHRI,2.8,4.2,-1.6,-3.5,4.5,2.8,-3.2,-4.5,4.5,Negative,Self
AVVTQVNKV,1.8,4.2,4.2,-0.7,-3.5,4.2,-3.5,-3.9,4.2,Negative,Self
FASTILHLV,2.8,1.8,-0.8,-0.7,4.5,3.8,-3.2,3.8,4.2,Negative,Self
SLIGHLQTL,-0.8,3.8,4.5,-0.4,-3.2,3.8,-3.5,-0.7,3.8,Negative,Self
ILTDITKGV,4.5,3.8,-0.7,-3.5,4.5,-0.7,-3.9,-0.4,4.2,Negative,Self
KMDRALLEL,-3.9,1.9,-3.5,-4.5,1.8,3.8,3.8,-3.5,3.8,Negative,Self
FTVDQIRAI,2.8,-0.7,4.2,-3.5,-3.5,4.5,-4.5,1.8,4.5,Negative,Self
AIIGGTFTV,1.8,4.5,4.5,-0.4,-0.4,-0.7,2.8,-0.7,4.2,Negative,Self
ALKDKIEKA,1.8,3.8,-3.9,-3.5,-3.9,4.5,-3.5,-3.9,1.8,Negative,Self
SLLEKSLGL,-0.8,3.8,3.8,-3.5,-3.9,-0.8,3.8,-0.4,3.8,Negative,Self
ALLAGSEYL,1.8,3.8,3.8,1.8,-0.4,-0.8,-3.5,-1.3,3.8,Negative,Self
ALNEKLVNL,1.8,3.8,-3.5,-3.5,-3.9,3.8,4.2,-3.5,3.8,Negative,Self
VLMTEDIKL,4.2,3.8,1.9,-0.7,-3.5,-3.5,4.5,-3.9,3.8,Negative,Self
GMLDTHHKL,-0.4,1.9,3.8,-3.5,-0.7,-3.2,-3.2,-3.9,3.8,Negative,Self
HIADVSHFI,-3.2,4.5,1.8,-3.5,4.2,-0.8,-3.2,2.8,4.5,Negative,Self
HIPNIFQKI,-3.2,4.5,-1.6,-3.5,4.5,2.8,-3.5,-3.9,4.5,Negative,Self
TLAKYLMEL,-0.7,3.8,1.8,-3.9,-1.3,3.8,1.9,-3.5,3.8,Negative,Self
ITQTVIHTV,4.5,-0.7,-3.5,-0.7,4.2,4.5,-3.2,-0.7,4.2,Negative,Self
YVISVVFRL,-1.3,4.2,4.5,-0.8,4.2,4.2,2.8,-4.5,3.8,Negative,Self
LVDHLNVGV,3.8,4.2,-3.5,-3.2,3.8,-3.5,4.2,-0.4,4.2,Negative,Self
AVIEHLERL,1.8,4.2,4.5,-3.5,-3.2,3.8,-3.5,-4.5,3.8,Negative,Self
ITAAVIEHL,4.5,-0.7,1.8,1.8,4.2,4.5,-3.5,-3.2,3.8,Negative,Self
IIPASTGAA,4.5,4.5,-1.6,1.8,-0.8,-0.7,-0.4,1.8,1.8,Negative,Self
ILGYTEHQV,4.5,3.8,-0.4,-1.3,-0.7,-3.5,-3.2,-3.5,4.2,Negative,Self
ALNDHFVKL,1.8,3.8,-3.5,-3.5,-3.2,2.8,4.2,-3.9,3.8,Negative,Self
NLAENISRV,-3.5,3.8,1.8,-3.5,-3.5,4.5,-0.8,-4.5,4.2,Negative,Self
NLDPAVHEV,-3.5,3.8,-3.5,-1.6,1.8,4.2,-3.2,-3.5,4.2,Negative,Self
AQYEHDLEV,1.8,-3.5,-1.3,-3.5,-3.2,-3.5,3.8,-3.5,4.2,Negative,Self
LLMSFSVCL,3.8,3.8,1.9,-0.8,2.8,-0.8,4.2,2.5,3.8,Negative,Self
IINEPTAAA,4.5,4.5,-3.5,-3.5,-1.6,-0.7,1.8,1.8,1.8,Negative,Self
LLDVTPLSL,3.8,3.8,-3.5,4.2,-0.7,-1.6,3.8,-0.8,3.8,Negative,Self
AVPDEIPPL,1.8,4.2,-1.6,-3.5,-3.5,4.5,-1.6,-1.6,3.8,Negative,Self
AVDGNTVEL,1.8,4.2,-3.5,-0.4,-3.5,-0.7,4.2,-3.5,3.8,Negative,Self
ILKKIIPTL,4.5,3.8,-3.9,-3.9,4.5,4.5,-1.6,-0.7,3.8,Negative,Self
RVPPPPPIA,-4.5,4.2,-1.6,-1.6,-1.6,-1.6,-1.6,4.5,1.8,Negative,Self
GQIGQLPQA,-0.4,-3.5,4.5,-0.4,-3.5,3.8,-1.6,-3.5,1.8,Negative,Self
RMLPHAPGV,-4.5,1.9,3.8,-1.6,-3.2,1.8,-1.6,-0.4,4.2,Negative,Self
GVLPNIQAV,-0.4,4.2,3.8,-1.6,-3.5,4.5,-3.5,1.8,4.2,Negative,Self
IMPKDIQLA,4.5,1.9,-1.6,-3.9,-3.5,4.5,-3.5,3.8,1.8,Negative,Self
FQSPLFAKA,2.8,-3.5,-0.8,-1.6,3.8,2.8,1.8,-3.9,1.8,Negative,Self
MVDGTLLLL,1.9,4.2,-3.5,-0.4,-0.7,3.8,3.8,3.8,3.8,Negative,Self
FAYDGKDYL,2.8,1.8,-1.3,-3.5,-0.4,-3.9,-3.5,-1.3,3.8,Negative,Self
FAYDGKDYI,2.8,1.8,-1.3,-3.5,-0.4,-3.9,-3.5,-1.3,4.5,Negative,Self
SLFEGTWYL,-0.8,3.8,2.8,-3.5,-0.4,-0.7,-0.9,-1.3,3.8,Negative,Self
VMDSKIVQV,4.2,1.9,-3.5,-0.8,-3.9,4.5,4.2,-3.5,4.2,Negative,Self
SVDDIVKGI,-0.8,4.2,-3.5,-3.5,4.5,4.2,-3.9,-0.4,4.5,Negative,Self
GQSKITFLL,-0.4,-3.5,-0.8,-3.9,4.5,-0.7,2.8,3.8,3.8,Negative,Self
FQTEVGKQL,2.8,-3.5,-0.7,-3.5,4.2,-0.4,-3.9,-3.5,3.8,Negative,Self
GLYPGLIWL,-0.4,3.8,-1.3,-1.6,-0.4,3.8,4.5,-0.9,3.8,Negative,Self
NLMEQPIKV,-3.5,3.8,1.9,-3.5,-3.5,-1.6,4.5,-3.9,4.2,Negative,Self
FASGLIHRV,2.8,1.8,-0.8,-0.4,3.8,4.5,-3.2,-4.5,4.2,Negative,Self
AVDGISLHL,1.8,4.2,-3.5,-0.4,4.5,-0.8,3.8,-3.2,3.8,Negative,Self
RLAVYIDRV,-4.5,3.8,1.8,4.2,-1.3,4.5,-3.5,-4.5,4.2,Negative,Self
ILINKADLL,4.5,3.8,4.5,-3.5,-3.9,1.8,-3.5,3.8,3.8,Negative,Self
TLWGIQKEL,-0.7,3.8,-0.9,-0.4,4.5,-3.5,-3.9,-3.5,3.8,Negative,Self
GLDEAFSRL,-0.4,3.8,-3.5,-3.5,1.8,2.8,-0.8,-4.5,3.8,Negative,Self
AVDEVVLKF,1.8,4.2,-3.5,-3.5,4.2,4.2,3.8,-3.9,2.8,Negative,Self
FLSELTQQL,2.8,3.8,-0.8,-3.5,3.8,-0.7,-3.5,-3.5,3.8,Negative,Self
FIIQGLRSV,2.8,4.5,4.5,-3.5,-0.4,3.8,-4.5,-0.8,4.2,Negative,Self
GQSELASRL,-0.4,-3.5,-0.8,-3.5,3.8,1.8,-0.8,-4.5,3.8,Negative,Self
FIAHFQDNL,2.8,4.5,1.8,-3.2,2.8,-3.5,-3.5,-3.5,3.8,Negative,Self
AQFEHTILL,1.8,-3.5,2.8,-3.5,-3.2,-0.7,4.5,3.8,3.8,Negative,Self
TLIGLSIKV,-0.7,3.8,4.5,-0.4,3.8,-0.8,4.5,-3.9,4.2,Negative,Self
FLDGHDLQL,2.8,3.8,-3.5,-0.4,-3.2,-3.5,3.8,-3.5,3.8,Negative,Self
NLTISDVSV,-3.5,3.8,-0.7,4.5,-0.8,-3.5,4.2,-0.8,4.2,Negative,Self
HLNSHVRQV,-3.2,3.8,-3.5,-0.8,-3.2,4.2,-4.5,-3.5,4.2,Negative,Self
AQAELAQKL,1.8,-3.5,1.8,-3.5,3.8,1.8,-3.5,-3.9,3.8,Negative,Self
SMPDFDLHL,-0.8,1.9,-1.6,-3.5,2.8,-3.5,3.8,-3.2,3.8,Negative,Self
IQVDLADKL,4.5,-3.5,4.2,-3.5,3.8,1.8,-3.5,-3.9,3.8,Negative,Self
ALLDRIVSV,1.8,3.8,3.8,-3.5,-4.5,4.5,4.2,-0.8,4.2,Negative,Self
ILDPHVVLL,4.5,3.8,-3.5,-1.6,-3.2,4.2,4.2,3.8,3.8,Negative,Self
AVIGDVIRV,1.8,4.2,4.5,-0.4,-3.5,4.2,4.5,-4.5,4.2,Negative,Self
FVKQGEEEV,2.8,4.2,-3.9,-3.5,-0.4,-3.5,-3.5,-3.5,4.2,Negative,Self
ILDQKINEV,4.5,3.8,-3.5,-3.5,-3.9,4.5,-3.5,-3.5,4.2,Negative,Self
VVQDGIVKA,4.2,4.2,-3.5,-3.5,-0.4,4.5,4.2,-3.9,1.8,Negative,Self
LLPTGVFQV,3.8,3.8,-1.6,-0.7,-0.4,4.2,2.8,-3.5,4.2,Negative,Self
SLEPVAVEL,-0.8,3.8,-3.5,-1.6,4.2,1.8,4.2,-3.5,3.8,Negative,Self
ALMDEVVKA,1.8,3.8,1.9,-3.5,-3.5,4.2,4.2,-3.9,1.8,Negative,Self
SQVPEVTTV,-0.8,-3.5,4.2,-1.6,-3.5,4.2,-0.7,-0.7,4.2,Negative,Self
ALFGALFLA,1.8,3.8,2.8,-0.4,1.8,3.8,2.8,3.8,1.8,Negative,Self
ALPEDLVEV,1.8,3.8,-1.6,-3.5,-3.5,3.8,4.2,-3.5,4.2,Negative,Self
FLVTVIHTL,2.8,3.8,4.2,-0.7,4.2,4.5,-3.2,-0.7,3.8,Negative,Self
FIFSDTHEL,2.8,4.5,2.8,-0.8,-3.5,-0.7,-3.2,-3.5,3.8,Negative,Self
IVKEELALL,4.5,4.2,-3.9,-3.5,-3.5,3.8,1.8,3.8,3.8,Negative,Self
GLDIPTVQV,-0.4,3.8,-3.5,4.5,-1.6,-0.7,4.2,-3.5,4.2,Negative,Self
ALDEVVLKF,1.8,3.8,-3.5,-3.5,4.2,4.2,3.8,-3.9,2.8,Negative,Self
ALDKATVLL,1.8,3.8,-3.5,-3.9,1.8,-0.7,4.2,3.8,3.8,Negative,Self
LLDGVVEKL,3.8,3.8,-3.5,-0.4,4.2,4.2,-3.5,-3.9,3.8,Negative,Self
GLATDVQTV,-0.4,3.8,1.8,-0.7,-3.5,4.2,-3.5,-0.7,4.2,Negative,Self
HLFETISQA,-3.2,3.8,2.8,-3.5,-0.7,4.5,-0.8,-3.5,1.8,Negative,Self
NLAEKPKTV,-3.5,3.8,1.8,-3.5,-3.9,-1.6,-3.9,-0.7,4.2,Negative,Self
FQYPDTRYL,2.8,-3.5,-1.3,-1.6,-3.5,-0.7,-4.5,-1.3,3.8,Negative,Self
FITEDKTEL,2.8,4.5,-0.7,-3.5,-3.5,-3.9,-0.7,-3.5,3.8,Negative,Self
KMDPIISRV,-3.9,1.9,-3.5,-1.6,4.5,4.5,-0.8,-4.5,4.2,Negative,Self
VVDDIVSKL,4.2,4.2,-3.5,-3.5,4.5,4.2,-0.8,-3.9,3.8,Negative,Self
AMALLSEGL,1.8,1.9,1.8,3.8,3.8,-0.8,-3.5,-0.4,3.8,Negative,Self
FLFGEVHKA,2.8,3.8,2.8,-0.4,-3.5,4.2,-3.2,-3.9,1.8,Negative,Self
SIIGRLLEV,-0.8,4.5,4.5,-0.4,-4.5,3.8,3.8,-3.5,4.2,Negative,Self
NIDSIIQRL,-3.5,4.5,-3.5,-0.8,4.5,4.5,-3.5,-4.5,3.8,Negative,Self
GIWGFIKGV,-0.4,4.5,-0.9,-0.4,2.8,4.5,-3.9,-0.4,4.2,Negative,Self
AQASVTHGA,1.8,-3.5,1.8,-0.8,4.2,-0.7,-3.2,-0.4,1.8,Negative,Self
AAAGVVHAV,1.8,1.8,1.8,-0.4,4.2,4.2,-3.2,1.8,4.2,Negative,Self
YLDQTLPRA,-1.3,3.8,-3.5,-3.5,-0.7,3.8,-1.6,-4.5,1.8,Negative,Self
ITINDIVHV,4.5,-0.7,4.5,-3.5,-3.5,4.5,4.2,-3.2,4.2,Negative,Self
ALNIATHVL,1.8,3.8,-3.5,4.5,1.8,-0.7,-3.2,4.2,3.8,Negative,Self
TEADKSTVI,-0.7,-3.5,1.8,-3.5,-3.9,-0.8,-0.7,4.2,4.5,Negative,Self
GQNDIHHKV,-0.4,-3.5,-3.5,-3.5,4.5,-3.2,-3.2,-3.9,4.2,Negative,Self
HQAQIDHYL,-3.2,-3.5,1.8,-3.5,4.5,-3.5,-3.2,-1.3,3.8,Negative,Self
ILVKHLTNV,4.5,3.8,4.2,-3.9,-3.2,3.8,-0.7,-3.5,4.2,Negative,Self
IISQVDAKV,4.5,4.5,-0.8,-3.5,4.2,-3.5,1.8,-3.9,4.2,Negative,Self
GLYSGVTTV,-0.4,3.8,-1.3,-0.8,-0.4,4.2,-0.7,-0.7,4.2,Negative,Self
GLDAIITQL,-0.4,3.8,-3.5,1.8,4.5,4.5,-0.7,-3.5,3.8,Negative,Self
AVADLQTRL,1.8,4.2,1.8,-3.5,3.8,-3.5,-0.7,-4.5,3.8,Negative,Self
HLDEARTLL,-3.2,3.8,-3.5,-3.5,1.8,-4.5,-0.7,3.8,3.8,Negative,Self
ALDPASISV,1.8,3.8,-3.5,-1.6,1.8,-0.8,4.5,-0.8,4.2,Negative,Self
AVDEFYSKI,1.8,4.2,-3.5,-3.5,2.8,-1.3,-0.8,-3.9,4.5,Negative,Self
TLAEVSTRL,-0.7,3.8,1.8,-3.5,4.2,-0.8,-0.7,-4.5,3.8,Negative,Self
TLDGSLHAV,-0.7,3.8,-3.5,-0.4,-0.8,3.8,-3.2,1.8,4.2,Negative,Self
GLIDGRLTI,-0.4,3.8,4.5,-3.5,-0.4,-4.5,3.8,-0.7,4.5,Negative,Self
GLIDKVNEL,-0.4,3.8,4.5,-3.5,-3.9,4.2,-3.5,-3.5,3.8,Negative,Self
IMLEALERV,4.5,1.9,3.8,-3.5,1.8,3.8,-3.5,-4.5,4.2,Negative,Self
GTADVTHDL,-0.4,-0.7,1.8,-3.5,4.2,-0.7,-3.2,-3.5,3.8,Negative,Self
FIVEEIQRI,2.8,4.5,4.2,-3.5,-3.5,4.5,-3.5,-4.5,4.5,Negative,Self
GAADIDHKL,-0.4,1.8,1.8,-3.5,4.5,-3.5,-3.2,-3.9,3.8,Negative,Self
KLDQDLNEV,-3.9,3.8,-3.5,-3.5,-3.5,3.8,-3.5,-3.5,4.2,Negative,Self
TLSDLRVYL,-0.7,3.8,-0.8,-3.5,3.8,-4.5,4.2,-1.3,3.8,Negative,Self
ILAQEIVKA,4.5,3.8,1.8,-3.5,-3.5,4.5,4.2,-3.9,1.8,Negative,Self
AVASFKHAL,1.8,4.2,1.8,-0.8,2.8,-3.9,-3.2,1.8,3.8,Negative,Self
LLDVVHPAA,3.8,3.8,-3.5,4.2,4.2,-3.2,-1.6,1.8,1.8,Negative,Self
KMDEVLYSI,-3.9,1.9,-3.5,-3.5,4.2,3.8,-1.3,-0.8,4.5,Negative,Self
ILISKLLGA,4.5,3.8,4.5,-0.8,-3.9,3.8,3.8,-0.4,1.8,Negative,Self
ELIERIPEL,-3.5,3.8,4.5,-3.5,-4.5,4.5,-1.6,-3.5,3.8,Negative,Self
RVADVIAQV,-4.5,4.2,1.8,-3.5,4.2,4.5,1.8,-3.5,4.2,Negative,Self
LLGPRLVLA,3.8,3.8,-0.4,-1.6,-4.5,3.8,4.2,3.8,1.8,Negative,Self
YLFERIKEL,-1.3,3.8,2.8,-3.5,-4.5,4.5,-3.9,-3.5,3.8,Negative,Self
ITFESIEKA,4.5,-0.7,2.8,-3.5,-0.8,4.5,-3.5,-3.9,1.8,Negative,Self
AVVAGIAKA,1.8,4.2,4.2,1.8,-0.4,4.5,1.8,-3.9,1.8,Negative,Self
HVANIVEKL,-3.2,4.2,1.8,-3.5,4.5,4.2,-3.5,-3.9,3.8,Negative,Self
YLAERIPTL,-1.3,3.8,1.8,-3.5,-4.5,4.5,-1.6,-0.7,3.8,Negative,Self
SLLDIIEKV,-0.8,3.8,3.8,-3.5,4.5,4.5,-3.5,-3.9,4.2,Negative,Self
FLIRESETL,2.8,3.8,4.5,-4.5,-3.5,-0.8,-3.5,-0.7,3.8,Negative,Self
NQFPGFKEV,-3.5,-3.5,2.8,-1.6,-0.4,2.8,-3.9,-3.5,4.2,Negative,Self
ALLDKLYAL,1.8,3.8,3.8,-3.5,-3.9,3.8,-1.3,1.8,3.8,Negative,Self
FIAPNLSII,2.8,4.5,1.8,-1.6,-3.5,3.8,-0.8,4.5,4.5,Negative,Self
GTIGLIHAI,-0.4,-0.7,4.5,-0.4,3.8,4.5,-3.2,1.8,4.5,Negative,Self
FMIIPTLII,2.8,1.9,4.5,4.5,-1.6,-0.7,3.8,4.5,4.5,Negative,Self
HIADIVHTL,-3.2,4.5,1.8,-3.5,4.5,4.2,-3.2,-0.7,3.8,Negative,Self
FVLPELPSV,2.8,4.2,3.8,-1.6,-3.5,3.8,-1.6,-0.8,4.2,Negative,Self
AIVDKVPSV,1.8,4.5,4.2,-3.5,-3.9,4.2,-1.6,-0.8,4.2,Negative,Self
VMAPHEPLV,4.2,1.9,1.8,-1.6,-3.2,-3.5,-1.6,3.8,4.2,Negative,Self
ALSSLIHAL,1.8,3.8,-0.8,-0.8,3.8,4.5,-3.2,1.8,3.8,Negative,Self
HVIGQLDKL,-3.2,4.2,4.5,-0.4,-3.5,3.8,-3.5,-3.9,3.8,Negative,Self
EQAGVTPEA,-3.5,-3.5,1.8,-0.4,4.2,-0.7,-1.6,-3.5,1.8,Negative,Self
RVIEPFSRV,-4.5,4.2,4.5,-3.5,-1.6,2.8,-0.8,-4.5,4.2,Negative,Self
SLADIAQKL,-0.8,3.8,1.8,-3.5,4.5,1.8,-3.5,-3.9,3.8,Negative,Self
KIAGYVTHL,-3.9,4.5,1.8,-0.4,-1.3,4.2,-0.7,-3.2,3.8,Negative,Self
KVPEWVDTV,-3.9,4.2,-1.6,-3.5,-0.9,4.2,-3.5,-0.7,4.2,Negative,Self
RVVDYLTKL,-4.5,4.2,4.2,-3.5,-1.3,3.8,-0.7,-3.9,3.8,Negative,Self
YTFPLAEKV,-1.3,-0.7,2.8,-1.6,3.8,1.8,-3.5,-3.9,4.2,Negative,Self
KIYEGQVEV,-3.9,4.5,-1.3,-3.5,-0.4,-3.5,4.2,-3.5,4.2,Negative,Self
TVIHHVHSL,-0.7,4.2,4.5,-3.2,-3.2,4.2,-3.2,-0.8,3.8,Negative,Self
TQEKIFAVL,-0.7,-3.5,-3.5,-3.9,4.5,2.8,1.8,4.2,3.8,Negative,Self
TQIDAQNKL,-0.7,-3.5,4.5,-3.5,1.8,-3.5,-3.5,-3.9,3.8,Negative,Self
LVIKSLDKL,3.8,4.2,4.5,-3.9,-0.8,3.8,-3.5,-3.9,3.8,Negative,Self
MITPMLLTL,1.9,4.5,-0.7,-1.6,1.9,3.8,3.8,-0.7,3.8,Negative,Self
NAANIFERL,-3.5,1.8,1.8,-3.5,4.5,2.8,-3.5,-4.5,3.8,Negative,Self
